,chid,AGE,GENDER,CYCLIST_TYPE,CYCLIST_FREQ,variable,value,WIDTH,HEIGHT
0,0,32,Male,COMMUTER,DAILY,POSTPROTECT,3,0.5,3.0
1,1,32,Female,COMMUTER,DAILY,POSTPROTECT,4,0.5,3.0
2,2,34,Female,SOCIAL,RARELY,POSTPROTECT,4,0.5,3.0
3,3,45,Male,RECREATIONAL,WEEKLY,POSTPROTECT,4,0.5,3.0
4,4,20,Female,SOCIAL,RARELY,POSTPROTECT,6,0.5,3.0
5,5,24,Female,SOCIAL-REC,MONTHLY,POSTPROTECT,5,0.5,3.0
6,6,19,Male,COMMUTER,DAILY,POSTPROTECT,3,0.5,3.0
7,7,21,Male,RECREATIONAL,WEEKLY,POSTPROTECT,4,0.5,3.0
8,8,21,Male,RECREATIONAL,WEEKLY,POSTPROTECT,3,0.5,3.0
9,9,21,Female,SOCIAL-REC,MONTHLY,POSTPROTECT,3,0.5,3.0
10,10,22,Male,COMMUTER,DAILY,POSTPROTECT,5,0.5,3.0
11,11,27,Female,SOCIAL,RARELY,POSTPROTECT,4,0.5,3.0
12,12,19,Female,SOCIAL-REC,MONTHLY,POSTPROTECT,5,0.5,3.0
13,13,42,Female,SOCIAL-REC,MONTHLY,POSTPROTECT,5,0.5,3.0
14,14,41,Female,COMMUTER,DAILY,POSTPROTECT,4,0.5,3.0
15,15,53,Female,SOCIAL-REC,MONTHLY,POSTPROTECT,4,0.5,3.0
16,16,45,Female,SOCIAL-REC,MONTHLY,POSTPROTECT,5,0.5,3.0
17,17,46,Female,SOCIAL-REC,WEEKLY,POSTPROTECT,4,0.5,3.0
18,18,51,Female,SOCIAL-REC,WEEKLY,POSTPROTECT,3,0.5,3.0
19,19,50,Female,RECREATIONAL,WEEKLY,POSTPROTECT,2,0.5,3.0
20,20,50,Female,RECREATIONAL,DAILY,POSTPROTECT,4,0.5,3.0
21,21,60,Female,SOCIAL-REC,RARELY,POSTPROTECT,5,0.5,3.0
22,22,57,Prefer not to say,RECREATIONAL,DAILY,POSTPROTECT,3,0.5,3.0
23,23,49,Prefer not to say,SOCIAL-REC,MONTHLY,POSTPROTECT,4,0.5,3.0
24,24,50,Female,SOCIAL-REC,WEEKLY,POSTPROTECT,4,0.5,3.0
25,25,50,Female,RECREATIONAL,WEEKLY,POSTPROTECT,4,0.5,3.0
26,26,48,Female,SOCIAL-REC,MONTHLY,POSTPROTECT,4,0.5,3.0
27,27,33,Female,SOCIAL-REC,WEEKLY,POSTPROTECT,5,0.5,3.0
28,28,56,Female,RECREATIONAL,DAILY,POSTPROTECT,6,0.5,3.0
29,29,58,Non-binary / Non-conforming,RECREATIONAL,DAILY,POSTPROTECT,4,0.5,3.0
30,30,20,Prefer not to say,RECREATIONAL,WEEKLY,POSTPROTECT,4,0.5,3.0
31,31,54,Female,SOCIAL-REC,MONTHLY,POSTPROTECT,4,0.5,3.0
32,32,48,Female,SOCIAL-REC,WEEKLY,POSTPROTECT,4,0.5,3.0
33,33,50,Female,SOCIAL-REC,WEEKLY,POSTPROTECT,5,0.5,3.0
34,34,67,Male,SOCIAL-REC,WEEKLY,POSTPROTECT,5,0.5,3.0
35,35,21,Female,SOCIAL,RARELY,POSTPROTECT,5,0.5,3.0
36,36,60,Male,SOCIAL-REC,DAILY,POSTPROTECT,4,0.5,3.0
37,37,59,Female,SOCIAL,RARELY,POSTPROTECT,6,0.5,3.0
38,38,54,Male,SOCIAL-REC,WEEKLY,POSTPROTECT,4,0.5,3.0
39,39,54,Female,NONCYCLIST,RARELY,POSTPROTECT,3,0.5,3.0
40,40,41,Female,SOCIAL,MONTHLY,POSTPROTECT,6,0.5,3.0
41,41,52,Female,SOCIAL-REC,WEEKLY,POSTPROTECT,3,0.5,3.0
42,42,52,Female,COMMUTER,MONTHLY,POSTPROTECT,6,0.5,3.0
43,43,31,Male,COMMUTER,DAILY,POSTPROTECT,4,0.5,3.0
44,44,58,Female,RECREATIONAL,WEEKLY,POSTPROTECT,4,0.5,3.0
45,45,69,Female,SOCIAL-REC,MONTHLY,POSTPROTECT,4,0.5,3.0
46,46,59,Female,SOCIAL,RARELY,POSTPROTECT,5,0.5,3.0
47,47,52,Female,SOCIAL-REC,MONTHLY,POSTPROTECT,4,0.5,3.0
48,48,43,Male,SOCIAL-REC,MONTHLY,POSTPROTECT,3,0.5,3.0
49,49,69,Female,SOCIAL-REC,DAILY,POSTPROTECT,2,0.5,3.0
50,50,47,Female,RECREATIONAL,WEEKLY,POSTPROTECT,5,0.5,3.0
51,51,29,Female,SOCIAL,MONTHLY,POSTPROTECT,6,0.5,3.0
52,52,33,Male,RECREATIONAL,WEEKLY,POSTPROTECT,4,0.5,3.0
53,53,28,Male,COMMUTER,DAILY,POSTPROTECT,4,0.5,3.0
54,54,26,Male,SOCIAL-REC,WEEKLY,POSTPROTECT,4,0.5,3.0
55,55,33,Female,COMMUTER,DAILY,POSTPROTECT,5,0.5,3.0
56,56,32,Male,COMMUTER,DAILY,POSTPROTECT,4,0.5,3.0
57,57,32,Female,SOCIAL-REC,WEEKLY,POSTPROTECT,5,0.5,3.0
58,58,31,Male,RECREATIONAL,DAILY,POSTPROTECT,4,0.5,3.0
59,59,31,Male,COMMUTER,WEEKLY,POSTPROTECT,6,0.5,3.0
60,60,33,Male,COMMUTER,DAILY,POSTPROTECT,4,0.5,3.0
61,61,39,Male,COMMUTER,DAILY,POSTPROTECT,4,0.5,3.0
62,62,38,Female,COMMUTER,WEEKLY,POSTPROTECT,4,0.5,3.0
63,63,30,Female,COMMUTER,WEEKLY,POSTPROTECT,4,0.5,3.0
64,64,21,Male,COMMUTER,DAILY,POSTPROTECT,3,0.5,3.0
65,65,70,Male,COMMUTER,DAILY,POSTPROTECT,3,0.5,3.0
66,66,24,Female,COMMUTER,WEEKLY,POSTPROTECT,4,0.5,3.0
67,67,36,Female,COMMUTER,DAILY,POSTPROTECT,2,0.5,3.0
68,68,68,Female,COMMUTER,DAILY,POSTPROTECT,4,0.5,3.0
69,69,43,Female,COMMUTER,DAILY,POSTPROTECT,5,0.5,3.0
70,70,54,Female,SOCIAL,RARELY,POSTPROTECT,6,0.5,3.0
71,71,71,Male,COMMUTER,DAILY,POSTPROTECT,5,0.5,3.0
72,72,49,Female,COMMUTER,DAILY,POSTPROTECT,3,0.5,3.0
73,73,36,Male,COMMUTER,DAILY,POSTPROTECT,4,0.5,3.0
74,74,85,Male,RECREATIONAL,DAILY,POSTPROTECT,5,0.5,3.0
75,75,26,Female,COMMUTER,DAILY,POSTPROTECT,4,0.5,3.0
76,76,34,Male,SOCIAL-REC,DAILY,POSTPROTECT,3,0.5,3.0
77,77,56,Female,COMMUTER,DAILY,POSTPROTECT,4,0.5,3.0
78,0,32,Male,COMMUTER,DAILY,BUFFERED,2,3.0,0.0
79,1,32,Female,COMMUTER,DAILY,BUFFERED,2,3.0,0.0
80,2,34,Female,SOCIAL,RARELY,BUFFERED,2,3.0,0.0
81,3,45,Male,RECREATIONAL,WEEKLY,BUFFERED,2,3.0,0.0
82,4,20,Female,SOCIAL,RARELY,BUFFERED,2,3.0,0.0
83,5,24,Female,SOCIAL-REC,MONTHLY,BUFFERED,2,3.0,0.0
84,6,19,Male,COMMUTER,DAILY,BUFFERED,2,3.0,0.0
85,7,21,Male,RECREATIONAL,WEEKLY,BUFFERED,3,3.0,0.0
86,8,21,Male,RECREATIONAL,WEEKLY,BUFFERED,4,3.0,0.0
87,9,21,Female,SOCIAL-REC,MONTHLY,BUFFERED,2,3.0,0.0
88,10,22,Male,COMMUTER,DAILY,BUFFERED,3,3.0,0.0
89,11,27,Female,SOCIAL,RARELY,BUFFERED,2,3.0,0.0
90,12,19,Female,SOCIAL-REC,MONTHLY,BUFFERED,2,3.0,0.0
91,13,42,Female,SOCIAL-REC,MONTHLY,BUFFERED,2,3.0,0.0
92,14,41,Female,COMMUTER,DAILY,BUFFERED,5,3.0,0.0
93,15,53,Female,SOCIAL-REC,MONTHLY,BUFFERED,2,3.0,0.0
94,16,45,Female,SOCIAL-REC,MONTHLY,BUFFERED,3,3.0,0.0
95,17,46,Female,SOCIAL-REC,WEEKLY,BUFFERED,3,3.0,0.0
96,18,51,Female,SOCIAL-REC,WEEKLY,BUFFERED,5,3.0,0.0
97,19,50,Female,RECREATIONAL,WEEKLY,BUFFERED,3,3.0,0.0
98,20,50,Female,RECREATIONAL,DAILY,BUFFERED,2,3.0,0.0
99,21,60,Female,SOCIAL-REC,RARELY,BUFFERED,2,3.0,0.0
100,22,57,Prefer not to say,RECREATIONAL,DAILY,BUFFERED,5,3.0,0.0
101,23,49,Prefer not to say,SOCIAL-REC,MONTHLY,BUFFERED,5,3.0,0.0
102,24,50,Female,SOCIAL-REC,WEEKLY,BUFFERED,3,3.0,0.0
103,25,50,Female,RECREATIONAL,WEEKLY,BUFFERED,2,3.0,0.0
104,26,48,Female,SOCIAL-REC,MONTHLY,BUFFERED,2,3.0,0.0
105,27,33,Female,SOCIAL-REC,WEEKLY,BUFFERED,2,3.0,0.0
106,28,56,Female,RECREATIONAL,DAILY,BUFFERED,3,3.0,0.0
107,29,58,Non-binary / Non-conforming,RECREATIONAL,DAILY,BUFFERED,3,3.0,0.0
108,30,20,Prefer not to say,RECREATIONAL,WEEKLY,BUFFERED,2,3.0,0.0
109,31,54,Female,SOCIAL-REC,MONTHLY,BUFFERED,3,3.0,0.0
110,32,48,Female,SOCIAL-REC,WEEKLY,BUFFERED,3,3.0,0.0
111,33,50,Female,SOCIAL-REC,WEEKLY,BUFFERED,3,3.0,0.0
112,34,67,Male,SOCIAL-REC,WEEKLY,BUFFERED,3,3.0,0.0
113,35,21,Female,SOCIAL,RARELY,BUFFERED,2,3.0,0.0
114,36,60,Male,SOCIAL-REC,DAILY,BUFFERED,3,3.0,0.0
115,37,59,Female,SOCIAL,RARELY,BUFFERED,3,3.0,0.0
116,38,54,Male,SOCIAL-REC,WEEKLY,BUFFERED,3,3.0,0.0
117,39,54,Female,NONCYCLIST,RARELY,BUFFERED,2,3.0,0.0
118,40,41,Female,SOCIAL,MONTHLY,BUFFERED,5,3.0,0.0
119,41,52,Female,SOCIAL-REC,WEEKLY,BUFFERED,4,3.0,0.0
120,42,52,Female,COMMUTER,MONTHLY,BUFFERED,5,3.0,0.0
121,43,31,Male,COMMUTER,DAILY,BUFFERED,3,3.0,0.0
122,44,58,Female,RECREATIONAL,WEEKLY,BUFFERED,2,3.0,0.0
123,45,69,Female,SOCIAL-REC,MONTHLY,BUFFERED,3,3.0,0.0
124,46,59,Female,SOCIAL,RARELY,BUFFERED,2,3.0,0.0
125,47,52,Female,SOCIAL-REC,MONTHLY,BUFFERED,5,3.0,0.0
126,48,43,Male,SOCIAL-REC,MONTHLY,BUFFERED,2,3.0,0.0
127,49,69,Female,SOCIAL-REC,DAILY,BUFFERED,3,3.0,0.0
128,50,47,Female,RECREATIONAL,WEEKLY,BUFFERED,4,3.0,0.0
129,51,29,Female,SOCIAL,MONTHLY,BUFFERED,1,3.0,0.0
130,52,33,Male,RECREATIONAL,WEEKLY,BUFFERED,2,3.0,0.0
131,53,28,Male,COMMUTER,DAILY,BUFFERED,3,3.0,0.0
132,54,26,Male,SOCIAL-REC,WEEKLY,BUFFERED,2,3.0,0.0
133,55,33,Female,COMMUTER,DAILY,BUFFERED,3,3.0,0.0
134,56,32,Male,COMMUTER,DAILY,BUFFERED,3,3.0,0.0
135,57,32,Female,SOCIAL-REC,WEEKLY,BUFFERED,3,3.0,0.0
136,58,31,Male,RECREATIONAL,DAILY,BUFFERED,3,3.0,0.0
137,59,31,Male,COMMUTER,WEEKLY,BUFFERED,5,3.0,0.0
138,60,33,Male,COMMUTER,DAILY,BUFFERED,2,3.0,0.0
139,61,39,Male,COMMUTER,DAILY,BUFFERED,2,3.0,0.0
140,62,38,Female,COMMUTER,WEEKLY,BUFFERED,2,3.0,0.0
141,63,30,Female,COMMUTER,WEEKLY,BUFFERED,2,3.0,0.0
142,64,21,Male,COMMUTER,DAILY,BUFFERED,2,3.0,0.0
143,65,70,Male,COMMUTER,DAILY,BUFFERED,2,3.0,0.0
144,66,24,Female,COMMUTER,WEEKLY,BUFFERED,2,3.0,0.0
145,67,36,Female,COMMUTER,DAILY,BUFFERED,4,3.0,0.0
146,68,68,Female,COMMUTER,DAILY,BUFFERED,2,3.0,0.0
147,69,43,Female,COMMUTER,DAILY,BUFFERED,2,3.0,0.0
148,70,54,Female,SOCIAL,RARELY,BUFFERED,2,3.0,0.0
149,71,71,Male,COMMUTER,DAILY,BUFFERED,2,3.0,0.0
150,72,49,Female,COMMUTER,DAILY,BUFFERED,2,3.0,0.0
151,73,36,Male,COMMUTER,DAILY,BUFFERED,3,3.0,0.0
152,74,85,Male,RECREATIONAL,DAILY,BUFFERED,2,3.0,0.0
153,75,26,Female,COMMUTER,DAILY,BUFFERED,3,3.0,0.0
154,76,34,Male,SOCIAL-REC,DAILY,BUFFERED,2,3.0,0.0
155,77,56,Female,COMMUTER,DAILY,BUFFERED,3,3.0,0.0
156,0,32,Male,COMMUTER,DAILY,RAISED,4,1.0,0.5
157,1,32,Female,COMMUTER,DAILY,RAISED,3,1.0,0.5
158,2,34,Female,SOCIAL,RARELY,RAISED,5,1.0,0.5
159,3,45,Male,RECREATIONAL,WEEKLY,RAISED,3,1.0,0.5
160,4,20,Female,SOCIAL,RARELY,RAISED,4,1.0,0.5
161,5,24,Female,SOCIAL-REC,MONTHLY,RAISED,3,1.0,0.5
162,6,19,Male,COMMUTER,DAILY,RAISED,6,1.0,0.5
163,7,21,Male,RECREATIONAL,WEEKLY,RAISED,2,1.0,0.5
164,8,21,Male,RECREATIONAL,WEEKLY,RAISED,2,1.0,0.5
165,9,21,Female,SOCIAL-REC,MONTHLY,RAISED,4,1.0,0.5
166,10,22,Male,COMMUTER,DAILY,RAISED,2,1.0,0.5
167,11,27,Female,SOCIAL,RARELY,RAISED,3,1.0,0.5
168,12,19,Female,SOCIAL-REC,MONTHLY,RAISED,3,1.0,0.5
169,13,42,Female,SOCIAL-REC,MONTHLY,RAISED,3,1.0,0.5
170,14,41,Female,COMMUTER,DAILY,RAISED,2,1.0,0.5
171,15,53,Female,SOCIAL-REC,MONTHLY,RAISED,3,1.0,0.5
172,16,45,Female,SOCIAL-REC,MONTHLY,RAISED,2,1.0,0.5
173,17,46,Female,SOCIAL-REC,WEEKLY,RAISED,2,1.0,0.5
174,18,51,Female,SOCIAL-REC,WEEKLY,RAISED,1,1.0,0.5
175,19,50,Female,RECREATIONAL,WEEKLY,RAISED,4,1.0,0.5
176,20,50,Female,RECREATIONAL,DAILY,RAISED,3,1.0,0.5
177,21,60,Female,SOCIAL-REC,RARELY,RAISED,4,1.0,0.5
178,22,57,Prefer not to say,RECREATIONAL,DAILY,RAISED,4,1.0,0.5
179,23,49,Prefer not to say,SOCIAL-REC,MONTHLY,RAISED,2,1.0,0.5
180,24,50,Female,SOCIAL-REC,WEEKLY,RAISED,2,1.0,0.5
181,25,50,Female,RECREATIONAL,WEEKLY,RAISED,3,1.0,0.5
182,26,48,Female,SOCIAL-REC,MONTHLY,RAISED,3,1.0,0.5
183,27,33,Female,SOCIAL-REC,WEEKLY,RAISED,4,1.0,0.5
184,28,56,Female,RECREATIONAL,DAILY,RAISED,2,1.0,0.5
185,29,58,Non-binary / Non-conforming,RECREATIONAL,DAILY,RAISED,2,1.0,0.5
186,30,20,Prefer not to say,RECREATIONAL,WEEKLY,RAISED,3,1.0,0.5
187,31,54,Female,SOCIAL-REC,MONTHLY,RAISED,2,1.0,0.5
188,32,48,Female,SOCIAL-REC,WEEKLY,RAISED,2,1.0,0.5
189,33,50,Female,SOCIAL-REC,WEEKLY,RAISED,4,1.0,0.5
190,34,67,Male,SOCIAL-REC,WEEKLY,RAISED,4,1.0,0.5
191,35,21,Female,SOCIAL,RARELY,RAISED,3,1.0,0.5
192,36,60,Male,SOCIAL-REC,DAILY,RAISED,5,1.0,0.5
193,37,59,Female,SOCIAL,RARELY,RAISED,1,1.0,0.5
194,38,54,Male,SOCIAL-REC,WEEKLY,RAISED,2,1.0,0.5
195,39,54,Female,NONCYCLIST,RARELY,RAISED,4,1.0,0.5
196,40,41,Female,SOCIAL,MONTHLY,RAISED,1,1.0,0.5
197,41,52,Female,SOCIAL-REC,WEEKLY,RAISED,2,1.0,0.5
198,42,52,Female,COMMUTER,MONTHLY,RAISED,4,1.0,0.5
199,43,31,Male,COMMUTER,DAILY,RAISED,5,1.0,0.5
200,44,58,Female,RECREATIONAL,WEEKLY,RAISED,3,1.0,0.5
201,45,69,Female,SOCIAL-REC,MONTHLY,RAISED,2,1.0,0.5
202,46,59,Female,SOCIAL,RARELY,RAISED,3,1.0,0.5
203,47,52,Female,SOCIAL-REC,MONTHLY,RAISED,6,1.0,0.5
204,48,43,Male,SOCIAL-REC,MONTHLY,RAISED,4,1.0,0.5
205,49,69,Female,SOCIAL-REC,DAILY,RAISED,6,1.0,0.5
206,50,47,Female,RECREATIONAL,WEEKLY,RAISED,2,1.0,0.5
207,51,29,Female,SOCIAL,MONTHLY,RAISED,4,1.0,0.5
208,52,33,Male,RECREATIONAL,WEEKLY,RAISED,6,1.0,0.5
209,53,28,Male,COMMUTER,DAILY,RAISED,2,1.0,0.5
210,54,26,Male,SOCIAL-REC,WEEKLY,RAISED,3,1.0,0.5
211,55,33,Female,COMMUTER,DAILY,RAISED,2,1.0,0.5
212,56,32,Male,COMMUTER,DAILY,RAISED,2,1.0,0.5
213,57,32,Female,SOCIAL-REC,WEEKLY,RAISED,2,1.0,0.5
214,58,31,Male,RECREATIONAL,DAILY,RAISED,2,1.0,0.5
215,59,31,Male,COMMUTER,WEEKLY,RAISED,2,1.0,0.5
216,60,33,Male,COMMUTER,DAILY,RAISED,3,1.0,0.5
217,61,39,Male,COMMUTER,DAILY,RAISED,3,1.0,0.5
218,62,38,Female,COMMUTER,WEEKLY,RAISED,3,1.0,0.5
219,63,30,Female,COMMUTER,WEEKLY,RAISED,3,1.0,0.5
220,64,21,Male,COMMUTER,DAILY,RAISED,5,1.0,0.5
221,65,70,Male,COMMUTER,DAILY,RAISED,4,1.0,0.5
222,66,24,Female,COMMUTER,WEEKLY,RAISED,3,1.0,0.5
223,67,36,Female,COMMUTER,DAILY,RAISED,3,1.0,0.5
224,68,68,Female,COMMUTER,DAILY,RAISED,3,1.0,0.5
225,69,43,Female,COMMUTER,DAILY,RAISED,3,1.0,0.5
226,70,54,Female,SOCIAL,RARELY,RAISED,5,1.0,0.5
227,71,71,Male,COMMUTER,DAILY,RAISED,4,1.0,0.5
228,72,49,Female,COMMUTER,DAILY,RAISED,6,1.0,0.5
229,73,36,Male,COMMUTER,DAILY,RAISED,2,1.0,0.5
230,74,85,Male,RECREATIONAL,DAILY,RAISED,4,1.0,0.5
231,75,26,Female,COMMUTER,DAILY,RAISED,2,1.0,0.5
232,76,34,Male,SOCIAL-REC,DAILY,RAISED,5,1.0,0.5
233,77,56,Female,COMMUTER,DAILY,RAISED,2,1.0,0.5
234,0,32,Male,COMMUTER,DAILY,STANDARD,1,0.5,0.0
235,1,32,Female,COMMUTER,DAILY,STANDARD,1,0.5,0.0
236,2,34,Female,SOCIAL,RARELY,STANDARD,1,0.5,0.0
237,3,45,Male,RECREATIONAL,WEEKLY,STANDARD,1,0.5,0.0
238,4,20,Female,SOCIAL,RARELY,STANDARD,1,0.5,0.0
239,5,24,Female,SOCIAL-REC,MONTHLY,STANDARD,1,0.5,0.0
240,6,19,Male,COMMUTER,DAILY,STANDARD,1,0.5,0.0
241,7,21,Male,RECREATIONAL,WEEKLY,STANDARD,1,0.5,0.0
242,8,21,Male,RECREATIONAL,WEEKLY,STANDARD,1,0.5,0.0
243,9,21,Female,SOCIAL-REC,MONTHLY,STANDARD,1,0.5,0.0
244,10,22,Male,COMMUTER,DAILY,STANDARD,1,0.5,0.0
245,11,27,Female,SOCIAL,RARELY,STANDARD,1,0.5,0.0
246,12,19,Female,SOCIAL-REC,MONTHLY,STANDARD,1,0.5,0.0
247,13,42,Female,SOCIAL-REC,MONTHLY,STANDARD,1,0.5,0.0
248,14,41,Female,COMMUTER,DAILY,STANDARD,1,0.5,0.0
249,15,53,Female,SOCIAL-REC,MONTHLY,STANDARD,1,0.5,0.0
250,16,45,Female,SOCIAL-REC,MONTHLY,STANDARD,1,0.5,0.0
251,17,46,Female,SOCIAL-REC,WEEKLY,STANDARD,1,0.5,0.0
252,18,51,Female,SOCIAL-REC,WEEKLY,STANDARD,2,0.5,0.0
253,19,50,Female,RECREATIONAL,WEEKLY,STANDARD,1,0.5,0.0
254,20,50,Female,RECREATIONAL,DAILY,STANDARD,1,0.5,0.0
255,21,60,Female,SOCIAL-REC,RARELY,STANDARD,1,0.5,0.0
256,22,57,Prefer not to say,RECREATIONAL,DAILY,STANDARD,1,0.5,0.0
257,23,49,Prefer not to say,SOCIAL-REC,MONTHLY,STANDARD,1,0.5,0.0
258,24,50,Female,SOCIAL-REC,WEEKLY,STANDARD,1,0.5,0.0
259,25,50,Female,RECREATIONAL,WEEKLY,STANDARD,1,0.5,0.0
260,26,48,Female,SOCIAL-REC,MONTHLY,STANDARD,1,0.5,0.0
261,27,33,Female,SOCIAL-REC,WEEKLY,STANDARD,1,0.5,0.0
262,28,56,Female,RECREATIONAL,DAILY,STANDARD,1,0.5,0.0
263,29,58,Non-binary / Non-conforming,RECREATIONAL,DAILY,STANDARD,1,0.5,0.0
264,30,20,Prefer not to say,RECREATIONAL,WEEKLY,STANDARD,1,0.5,0.0
265,31,54,Female,SOCIAL-REC,MONTHLY,STANDARD,1,0.5,0.0
266,32,48,Female,SOCIAL-REC,WEEKLY,STANDARD,1,0.5,0.0
267,33,50,Female,SOCIAL-REC,WEEKLY,STANDARD,1,0.5,0.0
268,34,67,Male,SOCIAL-REC,WEEKLY,STANDARD,1,0.5,0.0
269,35,21,Female,SOCIAL,RARELY,STANDARD,1,0.5,0.0
270,36,60,Male,SOCIAL-REC,DAILY,STANDARD,1,0.5,0.0
271,37,59,Female,SOCIAL,RARELY,STANDARD,4,0.5,0.0
272,38,54,Male,SOCIAL-REC,WEEKLY,STANDARD,1,0.5,0.0
273,39,54,Female,NONCYCLIST,RARELY,STANDARD,1,0.5,0.0
274,40,41,Female,SOCIAL,MONTHLY,STANDARD,4,0.5,0.0
275,41,52,Female,SOCIAL-REC,WEEKLY,STANDARD,1,0.5,0.0
276,42,52,Female,COMMUTER,MONTHLY,STANDARD,1,0.5,0.0
277,43,31,Male,COMMUTER,DAILY,STANDARD,1,0.5,0.0
278,44,58,Female,RECREATIONAL,WEEKLY,STANDARD,1,0.5,0.0
279,45,69,Female,SOCIAL-REC,MONTHLY,STANDARD,1,0.5,0.0
280,46,59,Female,SOCIAL,RARELY,STANDARD,1,0.5,0.0
281,47,52,Female,SOCIAL-REC,MONTHLY,STANDARD,3,0.5,0.0
282,48,43,Male,SOCIAL-REC,MONTHLY,STANDARD,1,0.5,0.0
283,49,69,Female,SOCIAL-REC,DAILY,STANDARD,5,0.5,0.0
284,50,47,Female,RECREATIONAL,WEEKLY,STANDARD,1,0.5,0.0
285,51,29,Female,SOCIAL,MONTHLY,STANDARD,2,0.5,0.0
286,52,33,Male,RECREATIONAL,WEEKLY,STANDARD,1,0.5,0.0
287,53,28,Male,COMMUTER,DAILY,STANDARD,1,0.5,0.0
288,54,26,Male,SOCIAL-REC,WEEKLY,STANDARD,1,0.5,0.0
289,55,33,Female,COMMUTER,DAILY,STANDARD,1,0.5,0.0
290,56,32,Male,COMMUTER,DAILY,STANDARD,1,0.5,0.0
291,57,32,Female,SOCIAL-REC,WEEKLY,STANDARD,1,0.5,0.0
292,58,31,Male,RECREATIONAL,DAILY,STANDARD,1,0.5,0.0
293,59,31,Male,COMMUTER,WEEKLY,STANDARD,3,0.5,0.0
294,60,33,Male,COMMUTER,DAILY,STANDARD,1,0.5,0.0
295,61,39,Male,COMMUTER,DAILY,STANDARD,1,0.5,0.0
296,62,38,Female,COMMUTER,WEEKLY,STANDARD,1,0.5,0.0
297,63,30,Female,COMMUTER,WEEKLY,STANDARD,1,0.5,0.0
298,64,21,Male,COMMUTER,DAILY,STANDARD,1,0.5,0.0
299,65,70,Male,COMMUTER,DAILY,STANDARD,1,0.5,0.0
300,66,24,Female,COMMUTER,WEEKLY,STANDARD,1,0.5,0.0
301,67,36,Female,COMMUTER,DAILY,STANDARD,5,0.5,0.0
302,68,68,Female,COMMUTER,DAILY,STANDARD,1,0.5,0.0
303,69,43,Female,COMMUTER,DAILY,STANDARD,1,0.5,0.0
304,70,54,Female,SOCIAL,RARELY,STANDARD,1,0.5,0.0
305,71,71,Male,COMMUTER,DAILY,STANDARD,1,0.5,0.0
306,72,49,Female,COMMUTER,DAILY,STANDARD,1,0.5,0.0
307,73,36,Male,COMMUTER,DAILY,STANDARD,1,0.5,0.0
308,74,85,Male,RECREATIONAL,DAILY,STANDARD,1,0.5,0.0
309,75,26,Female,COMMUTER,DAILY,STANDARD,1,0.5,0.0
310,76,34,Male,SOCIAL-REC,DAILY,STANDARD,1,0.5,0.0
311,77,56,Female,COMMUTER,DAILY,STANDARD,1,0.5,0.0
312,0,32,Male,COMMUTER,DAILY,PARKINGPROTECT,5,12.0,5.0
313,1,32,Female,COMMUTER,DAILY,PARKINGPROTECT,5,12.0,5.0
314,2,34,Female,SOCIAL,RARELY,PARKINGPROTECT,3,12.0,5.0
315,3,45,Male,RECREATIONAL,WEEKLY,PARKINGPROTECT,6,12.0,5.0
316,4,20,Female,SOCIAL,RARELY,PARKINGPROTECT,3,12.0,5.0
317,5,24,Female,SOCIAL-REC,MONTHLY,PARKINGPROTECT,4,12.0,5.0
318,6,19,Male,COMMUTER,DAILY,PARKINGPROTECT,4,12.0,5.0
319,7,21,Male,RECREATIONAL,WEEKLY,PARKINGPROTECT,5,12.0,5.0
320,8,21,Male,RECREATIONAL,WEEKLY,PARKINGPROTECT,5,12.0,5.0
321,9,21,Female,SOCIAL-REC,MONTHLY,PARKINGPROTECT,5,12.0,5.0
322,10,22,Male,COMMUTER,DAILY,PARKINGPROTECT,4,12.0,5.0
323,11,27,Female,SOCIAL,RARELY,PARKINGPROTECT,5,12.0,5.0
324,12,19,Female,SOCIAL-REC,MONTHLY,PARKINGPROTECT,4,12.0,5.0
325,13,42,Female,SOCIAL-REC,MONTHLY,PARKINGPROTECT,4,12.0,5.0
326,14,41,Female,COMMUTER,DAILY,PARKINGPROTECT,3,12.0,5.0
327,15,53,Female,SOCIAL-REC,MONTHLY,PARKINGPROTECT,5,12.0,5.0
328,16,45,Female,SOCIAL-REC,MONTHLY,PARKINGPROTECT,4,12.0,5.0
329,17,46,Female,SOCIAL-REC,WEEKLY,PARKINGPROTECT,5,12.0,5.0
330,18,51,Female,SOCIAL-REC,WEEKLY,PARKINGPROTECT,4,12.0,5.0
331,19,50,Female,RECREATIONAL,WEEKLY,PARKINGPROTECT,5,12.0,5.0
332,20,50,Female,RECREATIONAL,DAILY,PARKINGPROTECT,6,12.0,5.0
333,21,60,Female,SOCIAL-REC,RARELY,PARKINGPROTECT,3,12.0,5.0
334,22,57,Prefer not to say,RECREATIONAL,DAILY,PARKINGPROTECT,2,12.0,5.0
335,23,49,Prefer not to say,SOCIAL-REC,MONTHLY,PARKINGPROTECT,3,12.0,5.0
336,24,50,Female,SOCIAL-REC,WEEKLY,PARKINGPROTECT,5,12.0,5.0
337,25,50,Female,RECREATIONAL,WEEKLY,PARKINGPROTECT,5,12.0,5.0
338,26,48,Female,SOCIAL-REC,MONTHLY,PARKINGPROTECT,5,12.0,5.0
339,27,33,Female,SOCIAL-REC,WEEKLY,PARKINGPROTECT,3,12.0,5.0
340,28,56,Female,RECREATIONAL,DAILY,PARKINGPROTECT,4,12.0,5.0
341,29,58,Non-binary / Non-conforming,RECREATIONAL,DAILY,PARKINGPROTECT,5,12.0,5.0
342,30,20,Prefer not to say,RECREATIONAL,WEEKLY,PARKINGPROTECT,6,12.0,5.0
343,31,54,Female,SOCIAL-REC,MONTHLY,PARKINGPROTECT,5,12.0,5.0
344,32,48,Female,SOCIAL-REC,WEEKLY,PARKINGPROTECT,5,12.0,5.0
345,33,50,Female,SOCIAL-REC,WEEKLY,PARKINGPROTECT,2,12.0,5.0
346,34,67,Male,SOCIAL-REC,WEEKLY,PARKINGPROTECT,2,12.0,5.0
347,35,21,Female,SOCIAL,RARELY,PARKINGPROTECT,6,12.0,5.0
348,36,60,Male,SOCIAL-REC,DAILY,PARKINGPROTECT,2,12.0,5.0
349,37,59,Female,SOCIAL,RARELY,PARKINGPROTECT,5,12.0,5.0
350,38,54,Male,SOCIAL-REC,WEEKLY,PARKINGPROTECT,5,12.0,5.0
351,39,54,Female,NONCYCLIST,RARELY,PARKINGPROTECT,6,12.0,5.0
352,40,41,Female,SOCIAL,MONTHLY,PARKINGPROTECT,3,12.0,5.0
353,41,52,Female,SOCIAL-REC,WEEKLY,PARKINGPROTECT,5,12.0,5.0
354,42,52,Female,COMMUTER,MONTHLY,PARKINGPROTECT,3,12.0,5.0
355,43,31,Male,COMMUTER,DAILY,PARKINGPROTECT,2,12.0,5.0
356,44,58,Female,RECREATIONAL,WEEKLY,PARKINGPROTECT,6,12.0,5.0
357,45,69,Female,SOCIAL-REC,MONTHLY,PARKINGPROTECT,5,12.0,5.0
358,46,59,Female,SOCIAL,RARELY,PARKINGPROTECT,4,12.0,5.0
359,47,52,Female,SOCIAL-REC,MONTHLY,PARKINGPROTECT,1,12.0,5.0
360,48,43,Male,SOCIAL-REC,MONTHLY,PARKINGPROTECT,5,12.0,5.0
361,49,69,Female,SOCIAL-REC,DAILY,PARKINGPROTECT,4,12.0,5.0
362,50,47,Female,RECREATIONAL,WEEKLY,PARKINGPROTECT,3,12.0,5.0
363,51,29,Female,SOCIAL,MONTHLY,PARKINGPROTECT,3,12.0,5.0
364,52,33,Male,RECREATIONAL,WEEKLY,PARKINGPROTECT,3,12.0,5.0
365,53,28,Male,COMMUTER,DAILY,PARKINGPROTECT,5,12.0,5.0
366,54,26,Male,SOCIAL-REC,WEEKLY,PARKINGPROTECT,5,12.0,5.0
367,55,33,Female,COMMUTER,DAILY,PARKINGPROTECT,4,12.0,5.0
368,56,32,Male,COMMUTER,DAILY,PARKINGPROTECT,5,12.0,5.0
369,57,32,Female,SOCIAL-REC,WEEKLY,PARKINGPROTECT,4,12.0,5.0
370,58,31,Male,RECREATIONAL,DAILY,PARKINGPROTECT,5,12.0,5.0
371,59,31,Male,COMMUTER,WEEKLY,PARKINGPROTECT,4,12.0,5.0
372,60,33,Male,COMMUTER,DAILY,PARKINGPROTECT,5,12.0,5.0
373,61,39,Male,COMMUTER,DAILY,PARKINGPROTECT,5,12.0,5.0
374,62,38,Female,COMMUTER,WEEKLY,PARKINGPROTECT,5,12.0,5.0
375,63,30,Female,COMMUTER,WEEKLY,PARKINGPROTECT,5,12.0,5.0
376,64,21,Male,COMMUTER,DAILY,PARKINGPROTECT,4,12.0,5.0
377,65,70,Male,COMMUTER,DAILY,PARKINGPROTECT,5,12.0,5.0
378,66,24,Female,COMMUTER,WEEKLY,PARKINGPROTECT,5,12.0,5.0
379,67,36,Female,COMMUTER,DAILY,PARKINGPROTECT,1,12.0,5.0
380,68,68,Female,COMMUTER,DAILY,PARKINGPROTECT,5,12.0,5.0
381,69,43,Female,COMMUTER,DAILY,PARKINGPROTECT,4,12.0,5.0
382,70,54,Female,SOCIAL,RARELY,PARKINGPROTECT,4,12.0,5.0
383,71,71,Male,COMMUTER,DAILY,PARKINGPROTECT,3,12.0,5.0
384,72,49,Female,COMMUTER,DAILY,PARKINGPROTECT,4,12.0,5.0
385,73,36,Male,COMMUTER,DAILY,PARKINGPROTECT,5,12.0,5.0
386,74,85,Male,RECREATIONAL,DAILY,PARKINGPROTECT,3,12.0,5.0
387,75,26,Female,COMMUTER,DAILY,PARKINGPROTECT,5,12.0,5.0
388,76,34,Male,SOCIAL-REC,DAILY,PARKINGPROTECT,4,12.0,5.0
389,77,56,Female,COMMUTER,DAILY,PARKINGPROTECT,5,12.0,5.0
390,0,32,Male,COMMUTER,DAILY,CURBPROTECT,6,3.0,0.5
391,1,32,Female,COMMUTER,DAILY,CURBPROTECT,6,3.0,0.5
392,2,34,Female,SOCIAL,RARELY,CURBPROTECT,6,3.0,0.5
393,3,45,Male,RECREATIONAL,WEEKLY,CURBPROTECT,5,3.0,0.5
394,4,20,Female,SOCIAL,RARELY,CURBPROTECT,5,3.0,0.5
395,5,24,Female,SOCIAL-REC,MONTHLY,CURBPROTECT,6,3.0,0.5
396,6,19,Male,COMMUTER,DAILY,CURBPROTECT,5,3.0,0.5
397,7,21,Male,RECREATIONAL,WEEKLY,CURBPROTECT,6,3.0,0.5
398,8,21,Male,RECREATIONAL,WEEKLY,CURBPROTECT,6,3.0,0.5
399,9,21,Female,SOCIAL-REC,MONTHLY,CURBPROTECT,6,3.0,0.5
400,10,22,Male,COMMUTER,DAILY,CURBPROTECT,6,3.0,0.5
401,11,27,Female,SOCIAL,RARELY,CURBPROTECT,6,3.0,0.5
402,12,19,Female,SOCIAL-REC,MONTHLY,CURBPROTECT,6,3.0,0.5
403,13,42,Female,SOCIAL-REC,MONTHLY,CURBPROTECT,6,3.0,0.5
404,14,41,Female,COMMUTER,DAILY,CURBPROTECT,6,3.0,0.5
405,15,53,Female,SOCIAL-REC,MONTHLY,CURBPROTECT,6,3.0,0.5
406,16,45,Female,SOCIAL-REC,MONTHLY,CURBPROTECT,6,3.0,0.5
407,17,46,Female,SOCIAL-REC,WEEKLY,CURBPROTECT,6,3.0,0.5
408,18,51,Female,SOCIAL-REC,WEEKLY,CURBPROTECT,6,3.0,0.5
409,19,50,Female,RECREATIONAL,WEEKLY,CURBPROTECT,6,3.0,0.5
410,20,50,Female,RECREATIONAL,DAILY,CURBPROTECT,5,3.0,0.5
411,21,60,Female,SOCIAL-REC,RARELY,CURBPROTECT,6,3.0,0.5
412,22,57,Prefer not to say,RECREATIONAL,DAILY,CURBPROTECT,6,3.0,0.5
413,23,49,Prefer not to say,SOCIAL-REC,MONTHLY,CURBPROTECT,6,3.0,0.5
414,24,50,Female,SOCIAL-REC,WEEKLY,CURBPROTECT,6,3.0,0.5
415,25,50,Female,RECREATIONAL,WEEKLY,CURBPROTECT,6,3.0,0.5
416,26,48,Female,SOCIAL-REC,MONTHLY,CURBPROTECT,6,3.0,0.5
417,27,33,Female,SOCIAL-REC,WEEKLY,CURBPROTECT,6,3.0,0.5
418,28,56,Female,RECREATIONAL,DAILY,CURBPROTECT,5,3.0,0.5
419,29,58,Non-binary / Non-conforming,RECREATIONAL,DAILY,CURBPROTECT,6,3.0,0.5
420,30,20,Prefer not to say,RECREATIONAL,WEEKLY,CURBPROTECT,5,3.0,0.5
421,31,54,Female,SOCIAL-REC,MONTHLY,CURBPROTECT,6,3.0,0.5
422,32,48,Female,SOCIAL-REC,WEEKLY,CURBPROTECT,6,3.0,0.5
423,33,50,Female,SOCIAL-REC,WEEKLY,CURBPROTECT,6,3.0,0.5
424,34,67,Male,SOCIAL-REC,WEEKLY,CURBPROTECT,6,3.0,0.5
425,35,21,Female,SOCIAL,RARELY,CURBPROTECT,4,3.0,0.5
426,36,60,Male,SOCIAL-REC,DAILY,CURBPROTECT,6,3.0,0.5
427,37,59,Female,SOCIAL,RARELY,CURBPROTECT,2,3.0,0.5
428,38,54,Male,SOCIAL-REC,WEEKLY,CURBPROTECT,6,3.0,0.5
429,39,54,Female,NONCYCLIST,RARELY,CURBPROTECT,5,3.0,0.5
430,40,41,Female,SOCIAL,MONTHLY,CURBPROTECT,2,3.0,0.5
431,41,52,Female,SOCIAL-REC,WEEKLY,CURBPROTECT,6,3.0,0.5
432,42,52,Female,COMMUTER,MONTHLY,CURBPROTECT,2,3.0,0.5
433,43,31,Male,COMMUTER,DAILY,CURBPROTECT,6,3.0,0.5
434,44,58,Female,RECREATIONAL,WEEKLY,CURBPROTECT,5,3.0,0.5
435,45,69,Female,SOCIAL-REC,MONTHLY,CURBPROTECT,6,3.0,0.5
436,46,59,Female,SOCIAL,RARELY,CURBPROTECT,6,3.0,0.5
437,47,52,Female,SOCIAL-REC,MONTHLY,CURBPROTECT,2,3.0,0.5
438,48,43,Male,SOCIAL-REC,MONTHLY,CURBPROTECT,6,3.0,0.5
439,49,69,Female,SOCIAL-REC,DAILY,CURBPROTECT,1,3.0,0.5
440,50,47,Female,RECREATIONAL,WEEKLY,CURBPROTECT,6,3.0,0.5
441,51,29,Female,SOCIAL,MONTHLY,CURBPROTECT,5,3.0,0.5
442,52,33,Male,RECREATIONAL,WEEKLY,CURBPROTECT,5,3.0,0.5
443,53,28,Male,COMMUTER,DAILY,CURBPROTECT,6,3.0,0.5
444,54,26,Male,SOCIAL-REC,WEEKLY,CURBPROTECT,6,3.0,0.5
445,55,33,Female,COMMUTER,DAILY,CURBPROTECT,6,3.0,0.5
446,56,32,Male,COMMUTER,DAILY,CURBPROTECT,6,3.0,0.5
447,57,32,Female,SOCIAL-REC,WEEKLY,CURBPROTECT,6,3.0,0.5
448,58,31,Male,RECREATIONAL,DAILY,CURBPROTECT,6,3.0,0.5
449,59,31,Male,COMMUTER,WEEKLY,CURBPROTECT,1,3.0,0.5
450,60,33,Male,COMMUTER,DAILY,CURBPROTECT,6,3.0,0.5
451,61,39,Male,COMMUTER,DAILY,CURBPROTECT,6,3.0,0.5
452,62,38,Female,COMMUTER,WEEKLY,CURBPROTECT,6,3.0,0.5
453,63,30,Female,COMMUTER,WEEKLY,CURBPROTECT,6,3.0,0.5
454,64,21,Male,COMMUTER,DAILY,CURBPROTECT,6,3.0,0.5
455,65,70,Male,COMMUTER,DAILY,CURBPROTECT,6,3.0,0.5
456,66,24,Female,COMMUTER,WEEKLY,CURBPROTECT,6,3.0,0.5
457,67,36,Female,COMMUTER,DAILY,CURBPROTECT,6,3.0,0.5
458,68,68,Female,COMMUTER,DAILY,CURBPROTECT,6,3.0,0.5
459,69,43,Female,COMMUTER,DAILY,CURBPROTECT,6,3.0,0.5
460,70,54,Female,SOCIAL,RARELY,CURBPROTECT,3,3.0,0.5
461,71,71,Male,COMMUTER,DAILY,CURBPROTECT,6,3.0,0.5
462,72,49,Female,COMMUTER,DAILY,CURBPROTECT,5,3.0,0.5
463,73,36,Male,COMMUTER,DAILY,CURBPROTECT,6,3.0,0.5
464,74,85,Male,RECREATIONAL,DAILY,CURBPROTECT,6,3.0,0.5
465,75,26,Female,COMMUTER,DAILY,CURBPROTECT,6,3.0,0.5
466,76,34,Male,SOCIAL-REC,DAILY,CURBPROTECT,6,3.0,0.5
467,77,56,Female,COMMUTER,DAILY,CURBPROTECT,6,3.0,0.5
